Project Name,Package Name,Type Name,NOF,NOPF,NOM,NOPM,LOC,WMC,NC,DIT,LCOM,FANIN,FANOUT
mall,com.macro.mall.bo,AdminUserDetails,2,0,8,8,32,8,0,0,0.5,0,1
mall,com.macro.mall.config,GlobalCorsConfig,0,0,1,1,18,1,0,0,-1.0,0,0
mall,com.macro.mall.config,MallSecurityConfig,2,0,3,3,23,5,0,0,0.6666666666666666,0,2
mall,com.macro.mall.config,MyBatisConfig,0,0,0,0,5,0,0,0,-1.0,0,0
mall,com.macro.mall.config,OssConfig,3,0,1,1,11,1,0,0,0.0,0,0
mall,com.macro.mall.config,SwaggerConfig,0,0,2,2,11,2,0,0,-1.0,0,1
mall,com.macro.mall.controller,CmsPrefrenceAreaController,1,0,1,1,10,1,0,0,0.0,0,2
mall,com.macro.mall.controller,CmsSubjectController,1,0,2,2,14,2,0,0,0.0,0,3
mall,com.macro.mall.controller,MinioController,5,0,3,2,58,4,0,0,0.0,0,3
mall,com.macro.mall.controller,OmsCompanyAddressController,1,0,1,1,10,1,0,0,0.0,0,2
mall,com.macro.mall.controller,OmsOrderController,1,0,8,8,56,14,0,0,0.0,0,3
mall,com.macro.mall.controller,OmsOrderReturnApplyController,1,0,4,4,28,6,0,0,0.0,0,6
mall,com.macro.mall.controller,OmsOrderReturnReasonController,1,0,6,6,42,10,0,0,0.0,0,4
mall,com.macro.mall.controller,OmsOrderSettingController,1,0,2,2,17,3,0,0,0.0,0,3
mall,com.macro.mall.controller,OssController,1,0,2,2,14,2,0,0,0.0,0,4
mall,com.macro.mall.controller,PmsBrandController,1,0,9,9,74,15,0,0,0.0,0,4
mall,com.macro.mall.controller,PmsProductAttributeCategoryController,1,0,6,6,45,9,0,0,0.0,0,4
mall,com.macro.mall.controller,PmsProductAttributeController,1,0,6,6,45,9,0,0,0.0,0,5
mall,com.macro.mall.controller,PmsProductCategoryController,1,0,8,8,63,13,0,0,0.0,0,5
mall,com.macro.mall.controller,PmsProductController,1,0,10,10,81,17,0,0,0.0,0,6
mall,com.macro.mall.controller,PmsSkuStockController,1,0,2,2,19,3,0,0,0.0,0,2
mall,com.macro.mall.controller,SmsCouponController,1,0,5,5,35,8,0,0,0.0,0,4
mall,com.macro.mall.controller,SmsCouponHistoryController,1,0,1,1,10,1,0,0,0.0,0,3
mall,com.macro.mall.controller,SmsFlashPromotionController,1,0,6,6,42,10,0,0,0.0,0,4
mall,com.macro.mall.controller,SmsFlashPromotionProductRelationController,1,0,5,5,35,8,0,0,0.0,0,4
mall,com.macro.mall.controller,SmsFlashPromotionSessionController,1,0,7,7,46,11,0,0,0.0,0,3
mall,com.macro.mall.controller,SmsHomeAdvertiseController,1,0,6,6,34,10,0,0,0.0,0,4
mall,com.macro.mall.controller,SmsHomeBrandController,1,0,5,5,38,9,0,0,0.0,0,3
mall,com.macro.mall.controller,SmsHomeNewProductController,1,0,5,5,38,9,0,0,0.0,0,3
mall,com.macro.mall.controller,SmsHomeRecommendProductController,1,0,5,5,38,9,0,0,0.0,0,3
mall,com.macro.mall.controller,SmsHomeRecommendSubjectController,1,0,5,5,38,9,0,0,0.0,0,3
mall,com.macro.mall.controller,UmsAdminController,4,0,13,13,117,26,0,0,0.15384615384615385,0,8
mall,com.macro.mall.controller,UmsMemberLevelController,1,0,1,1,10,1,0,0,0.0,0,2
mall,com.macro.mall.controller,UmsMenuController,1,0,7,7,54,11,0,0,0.0,0,4
mall,com.macro.mall.controller,UmsResourceCategoryController,1,0,4,4,37,7,0,0,0.0,0,3
mall,com.macro.mall.controller,UmsResourceController,2,0,6,6,49,9,0,0,0.0,0,5
mall,com.macro.mall.controller,UmsRoleController,1,0,10,10,60,14,0,0,0.0,0,3
mall,com.macro.mall.dao,CmsPrefrenceAreaProductRelationDao,0,0,1,0,9,1,0,0,-1.0,0,0
mall,com.macro.mall.dao,CmsSubjectProductRelationDao,0,0,1,0,9,1,0,0,-1.0,0,0
mall,com.macro.mall.dao,OmsOrderDao,0,0,3,0,17,3,0,0,-1.0,1,1
mall,com.macro.mall.dao,OmsOrderOperateHistoryDao,0,0,1,0,9,1,0,0,-1.0,1,0
mall,com.macro.mall.dao,OmsOrderReturnApplyDao,0,0,2,0,13,2,0,0,-1.0,1,1
mall,com.macro.mall.dao,PmsMemberPriceDao,0,0,1,0,9,1,0,0,-1.0,1,0
mall,com.macro.mall.dao,PmsProductAttributeCategoryDao,0,0,1,0,9,1,0,0,-1.0,1,0
mall,com.macro.mall.dao,PmsProductAttributeDao,0,0,1,0,9,1,0,0,-1.0,1,0
mall,com.macro.mall.dao,PmsProductAttributeValueDao,0,0,1,0,9,1,0,0,-1.0,0,0
mall,com.macro.mall.dao,PmsProductCategoryAttributeRelationDao,0,0,1,0,9,1,0,0,-1.0,1,0
mall,com.macro.mall.dao,PmsProductCategoryDao,0,0,1,0,9,1,0,0,-1.0,1,0
mall,com.macro.mall.dao,PmsProductDao,0,0,1,0,9,1,0,0,-1.0,1,0
mall,com.macro.mall.dao,PmsProductFullReductionDao,0,0,1,0,9,1,0,0,-1.0,0,0
mall,com.macro.mall.dao,PmsProductLadderDao,0,0,1,0,9,1,0,0,-1.0,0,0
mall,com.macro.mall.dao,PmsProductVertifyRecordDao,0,0,1,0,9,1,0,0,-1.0,0,0
mall,com.macro.mall.dao,PmsSkuStockDao,0,0,2,0,13,2,0,0,-1.0,1,0
mall,com.macro.mall.dao,SmsCouponDao,0,0,1,0,9,1,0,0,-1.0,1,0
mall,com.macro.mall.dao,SmsCouponProductCategoryRelationDao,0,0,1,0,9,1,0,0,-1.0,1,0
mall,com.macro.mall.dao,SmsCouponProductRelationDao,0,0,1,0,9,1,0,0,-1.0,1,0
mall,com.macro.mall.dao,SmsFlashPromotionProductRelationDao,0,0,1,0,9,1,0,0,-1.0,1,0
mall,com.macro.mall.dao,UmsAdminRoleRelationDao,0,0,4,0,21,4,0,0,-1.0,2,0
mall,com.macro.mall.dao,UmsRoleDao,0,0,3,0,17,3,0,0,-1.0,1,0
mall,com.macro.mall.dto,BucketPolicyConfigDto,6,0,0,0,13,0,0,0,-1.0,1,0
mall,com.macro.mall.dto,Statement,4,0,0,0,6,0,0,0,-1.0,0,0
mall,com.macro.mall.dto,MinioUploadDto,2,0,0,0,7,0,0,0,-1.0,1,0
mall,com.macro.mall.dto,OmsMoneyInfoParam,4,0,0,0,9,0,0,0,-1.0,0,0
mall,com.macro.mall.dto,OmsOrderDeliveryParam,3,0,0,0,8,0,0,0,-1.0,0,0
mall,com.macro.mall.dto,OmsOrderDetail,2,0,0,0,7,0,0,0,-1.0,0,0
mall,com.macro.mall.dto,OmsOrderQueryParam,6,0,0,0,11,0,0,0,-1.0,1,0
mall,com.macro.mall.dto,OmsOrderReturnApplyResult,1,0,0,0,6,0,0,0,-1.0,1,1
mall,com.macro.mall.dto,OmsReceiverInfoParam,9,0,0,0,14,0,0,0,-1.0,0,0
mall,com.macro.mall.dto,OmsReturnApplyQueryParam,6,0,0,0,11,0,0,0,-1.0,4,0
mall,com.macro.mall.dto,OmsUpdateStatusParam,8,0,0,0,13,0,0,0,-1.0,3,0
mall,com.macro.mall.dto,OssCallbackParam,3,0,0,0,8,0,0,0,-1.0,1,0
mall,com.macro.mall.dto,OssCallbackResult,5,0,0,0,10,0,0,0,-1.0,2,0
mall,com.macro.mall.dto,OssPolicyResult,6,0,0,0,11,0,0,0,-1.0,2,0
mall,com.macro.mall.dto,PmsBrandParam,8,0,0,0,13,0,0,0,-1.0,3,0
mall,com.macro.mall.dto,PmsProductAttributeCategoryItem,1,0,0,0,6,0,0,0,-1.0,0,0
mall,com.macro.mall.dto,PmsProductAttributeParam,11,0,0,0,16,0,0,0,-1.0,3,0
mall,com.macro.mall.dto,PmsProductCategoryParam,10,0,0,0,15,0,0,0,-1.0,3,0
mall,com.macro.mall.dto,PmsProductCategoryWithChildrenItem,1,0,0,0,6,0,0,0,-1.0,0,0
mall,com.macro.mall.dto,PmsProductParam,7,0,0,0,12,0,1,0,-1.0,3,0
mall,com.macro.mall.dto,PmsProductQueryParam,6,0,0,0,11,0,0,0,-1.0,3,0
mall,com.macro.mall.dto,PmsProductResult,1,0,0,0,6,0,0,1,-1.0,2,0
mall,com.macro.mall.dto,ProductAttrInfo,2,0,0,0,7,0,0,0,-1.0,0,0
mall,com.macro.mall.dto,SmsCouponParam,2,0,0,0,7,0,0,0,-1.0,3,0
mall,com.macro.mall.dto,SmsFlashPromotionProduct,1,0,0,0,6,0,0,0,-1.0,0,1
mall,com.macro.mall.dto,SmsFlashPromotionSessionDetail,1,0,0,0,6,0,0,0,-1.0,1,0
mall,com.macro.mall.dto,UmsAdminLoginParam,2,0,0,0,7,0,0,0,-1.0,1,0
mall,com.macro.mall.dto,UmsAdminParam,6,0,0,0,11,0,0,0,-1.0,3,0
mall,com.macro.mall.dto,UmsMenuNode,1,0,0,0,6,0,0,0,-1.0,1,0
mall,com.macro.mall.dto,UpdateAdminPasswordParam,3,0,0,0,8,0,0,0,-1.0,3,0
mall,com.macro.mall,MallAdminApplication,0,0,1,1,8,1,0,0,-1.0,1,1
mall,com.macro.mall,PmsDaoTests,3,0,2,2,22,3,0,0,1.0,0,4
mall,com.macro.mall,CommentGenerator,4,0,4,3,46,8,0,0,0.75,0,0
mall,com.macro.mall,Generator,0,0,1,1,19,2,0,0,-1.0,1,1
mall,com.macro.mall.service,CmsPrefrenceAreaService,0,0,1,0,9,1,0,0,-1.0,1,0
mall,com.macro.mall.service,CmsSubjectService,0,0,2,0,13,2,0,0,-1.0,1,0
mall,com.macro.mall.service,OmsCompanyAddressService,0,0,1,0,9,1,0,0,-1.0,1,0
mall,com.macro.mall.service,OmsOrderReturnApplyService,0,0,4,0,21,4,0,0,-1.0,1,2
mall,com.macro.mall.service,OmsOrderReturnReasonService,0,0,6,0,29,6,0,0,-1.0,1,1
mall,com.macro.mall.service,OmsOrderService,0,0,8,0,37,8,0,0,-1.0,1,0
mall,com.macro.mall.service,OmsOrderSettingService,0,0,2,0,13,2,0,0,-1.0,1,1
mall,com.macro.mall.service,OssService,0,0,2,0,13,2,0,0,-1.0,1,0
mall,com.macro.mall.service,PmsBrandService,0,0,9,0,41,9,0,0,-1.0,1,1
mall,com.macro.mall.service,PmsProductAttributeCategoryService,0,0,6,0,29,6,0,0,-1.0,1,0
mall,com.macro.mall.service,PmsProductAttributeService,0,0,6,0,31,6,0,0,-1.0,1,1
mall,com.macro.mall.service,PmsProductCategoryService,0,0,8,0,37,8,0,0,-1.0,1,1
mall,com.macro.mall.service,PmsProductService,0,0,10,0,48,10,0,0,-1.0,1,2
mall,com.macro.mall.service,PmsSkuStockService,0,0,2,0,13,2,0,0,-1.0,1,0
mall,com.macro.mall.service,SmsCouponHistoryService,0,0,1,0,12,1,0,0,-1.0,1,0
mall,com.macro.mall.service,SmsCouponService,0,0,5,0,26,5,0,0,-1.0,1,1
mall,com.macro.mall.service,SmsFlashPromotionProductRelationService,0,0,6,0,33,6,0,0,-1.0,2,1
mall,com.macro.mall.service,SmsFlashPromotionService,0,0,6,0,29,6,0,0,-1.0,1,1
mall,com.macro.mall.service,SmsFlashPromotionSessionService,0,0,7,0,33,7,0,0,-1.0,1,1
mall,com.macro.mall.service,SmsHomeAdvertiseService,0,0,6,0,29,6,0,0,-1.0,1,1
mall,com.macro.mall.service,SmsHomeBrandService,0,0,5,0,25,5,0,0,-1.0,1,0
mall,com.macro.mall.service,SmsHomeNewProductService,0,0,5,0,25,5,0,0,-1.0,1,0
mall,com.macro.mall.service,SmsHomeRecommendProductService,0,0,5,0,25,5,0,0,-1.0,1,0
mall,com.macro.mall.service,SmsHomeRecommendSubjectService,0,0,5,0,25,5,0,0,-1.0,1,0
mall,com.macro.mall.service,UmsAdminCacheService,0,0,9,0,41,9,0,0,-1.0,3,1
mall,com.macro.mall.service,UmsAdminService,0,0,14,0,65,14,0,0,-1.0,3,3
mall,com.macro.mall.service,UmsMemberLevelService,0,0,1,0,10,1,0,0,-1.0,1,0
mall,com.macro.mall.service,UmsMenuService,0,0,7,0,33,7,0,0,-1.0,1,1
mall,com.macro.mall.service,UmsResourceCategoryService,0,0,4,0,21,4,0,0,-1.0,1,1
mall,com.macro.mall.service,UmsResourceService,0,0,6,0,29,6,0,0,-1.0,2,1
mall,com.macro.mall.service,UmsRoleService,0,0,10,0,45,10,0,0,-1.0,2,1
mall,com.macro.mall.service.impl,CmsPrefrenceAreaServiceImpl,1,0,1,1,9,1,0,0,0.0,0,1
mall,com.macro.mall.service.impl,CmsSubjectServiceImpl,1,0,2,2,18,3,0,0,0.0,0,2
mall,com.macro.mall.service.impl,OmsCompanyAddressServiceImpl,1,0,1,1,9,1,0,0,0.0,0,1
mall,com.macro.mall.service.impl,OmsOrderReturnApplyServiceImpl,2,0,4,4,50,7,0,0,0.5,0,6
mall,com.macro.mall.service.impl,OmsOrderReturnReasonServiceImpl,1,0,6,6,38,7,0,0,0.0,0,3
mall,com.macro.mall.service.impl,OmsOrderServiceImpl,4,0,8,8,109,8,0,0,0.0,0,7
mall,com.macro.mall.service.impl,OmsOrderSettingServiceImpl,1,0,2,2,13,2,0,0,0.0,0,2
mall,com.macro.mall.service.impl,OssServiceImpl,8,0,2,2,60,2,0,0,0.0,0,3
mall,com.macro.mall.service.impl,PmsBrandServiceImpl,2,0,9,9,70,13,0,0,0.0,0,7
mall,com.macro.mall.service.impl,PmsProductAttributeCategoryServiceImpl,2,0,6,6,31,6,0,0,0.3333333333333333,0,3
mall,com.macro.mall.service.impl,PmsProductAttributeServiceImpl,3,0,6,6,67,12,0,0,0.3333333333333333,0,7
mall,com.macro.mall.service.impl,PmsProductCategoryServiceImpl,5,0,10,8,107,15,0,0,0.2,0,6
mall,com.macro.mall.service.impl,PmsProductServiceImpl,18,0,13,10,227,31,0,0,0.15384615384615385,0,2
mall,com.macro.mall.service.impl,PmsSkuStockServiceImpl,2,0,2,2,19,3,0,0,1.0,0,3
mall,com.macro.mall.service.impl,SmsCouponHistoryServiceImpl,1,0,1,1,21,4,0,0,0.0,0,2
mall,com.macro.mall.service.impl,SmsCouponServiceImpl,6,0,7,5,80,17,0,0,0.2857142857142857,0,7
mall,com.macro.mall.service.impl,SmsFlashPromotionProductRelationServiceImpl,2,0,6,6,32,7,0,0,0.3333333333333333,0,4
mall,com.macro.mall.service.impl,SmsFlashPromotionServiceImpl,1,0,6,6,34,7,0,0,0.0,0,3
mall,com.macro.mall.service.impl,SmsFlashPromotionSessionServiceImpl,2,0,7,7,45,8,0,0,0.0,0,5
mall,com.macro.mall.service.impl,SmsHomeAdvertiseServiceImpl,1,0,6,6,64,10,0,0,0.0,0,3
mall,com.macro.mall.service.impl,SmsHomeBrandServiceImpl,1,0,5,5,45,8,0,0,0.0,0,3
mall,com.macro.mall.service.impl,SmsHomeNewProductServiceImpl,1,0,5,5,45,8,0,0,0.0,0,3
mall,com.macro.mall.service.impl,SmsHomeRecommendProductServiceImpl,1,0,5,5,45,8,0,0,0.0,0,3
mall,com.macro.mall.service.impl,SmsHomeRecommendSubjectServiceImpl,1,0,5,5,45,8,0,0,0.0,0,3
mall,com.macro.mall.service.impl,UmsAdminCacheServiceImpl,8,0,9,9,68,13,0,0,0.0,0,6
mall,com.macro.mall.service.impl,UmsAdminServiceImpl,7,0,16,14,188,33,0,0,0.0,0,11
mall,com.macro.mall.service.impl,UmsMemberLevelServiceImpl,1,0,1,1,11,1,0,0,0.0,0,2
mall,com.macro.mall.service.impl,UmsMenuServiceImpl,1,0,9,7,67,11,0,0,0.2222222222222222,0,2
mall,com.macro.mall.service.impl,UmsResourceCategoryServiceImpl,1,0,4,4,22,4,0,0,0.0,0,3
mall,com.macro.mall.service.impl,UmsResourceServiceImpl,2,0,6,6,43,9,0,0,0.0,0,4
mall,com.macro.mall.service.impl,UmsRoleServiceImpl,5,0,10,10,72,13,0,0,0.3,0,5
mall,com.macro.mall.validator,FlagValidatorClass,1,0,2,2,22,5,0,0,0.0,0,0
mall,com.macro.mall.common.api,CommonPage,5,0,12,12,80,12,0,0,0.0,33,1
mall,com.macro.mall.common.api,CommonResult,3,0,18,16,110,18,0,0,0.16666666666666666,50,2
mall,com.macro.mall.common.api,IErrorCode,0,0,2,0,13,2,0,0,-1.0,3,0
mall,com.macro.mall.common.config,BaseRedisConfig,0,0,4,4,32,4,0,0,-1.0,0,0
mall,com.macro.mall.common.config,BaseSwaggerConfig,0,0,11,4,68,14,0,0,-1.0,0,1
mall,com.macro.mall.common.domain,SwaggerProperties,8,0,0,0,37,0,0,0,-1.0,5,0
mall,com.macro.mall.common.domain,WebLog,11,0,0,0,49,0,0,0,-1.0,1,0
mall,com.macro.mall.common.exception,ApiException,1,0,5,5,22,5,0,0,0.8,1,1
mall,com.macro.mall.common.exception,Asserts,0,0,2,2,11,2,0,0,-1.0,4,1
mall,com.macro.mall.common.exception,GlobalExceptionHandler,0,0,4,4,40,10,0,0,-1.0,0,2
mall,com.macro.mall.common.log,WebLogAspect,1,0,5,4,80,13,0,0,0.8,0,2
mall,com.macro.mall.common.service.impl,RedisServiceImpl,1,0,34,34,116,34,0,0,0.0,0,0
mall,com.macro.mall.common.service,RedisService,0,0,34,0,141,34,0,0,-1.0,3,0
mall,com.macro.mall.common.util,RequestUtil,0,0,1,1,36,7,0,0,-1.0,2,0
mall,com.macro.mall.demo.bo,AdminUserDetails,1,0,8,8,30,8,0,0,0.75,0,1
mall,com.macro.mall.demo.config,MyBatisConfig,0,0,0,0,5,0,0,0,-1.0,0,0
mall,com.macro.mall.demo.config,RestTemplateConfig,0,0,1,1,8,1,0,0,-1.0,0,0
mall,com.macro.mall.demo.config,SecurityConfig,1,0,4,2,26,6,0,0,0.5,0,2
mall,com.macro.mall.demo.config,SwaggerConfig,0,0,2,2,11,2,0,0,-1.0,0,1
mall,com.macro.mall.demo.controller,DemoController,2,0,6,6,54,9,0,0,0.0,0,4
mall,com.macro.mall.demo.controller,RestTemplateDemoController,2,0,7,7,50,7,0,0,0.0,0,2
mall,com.macro.mall.demo.dto,PmsBrandDto,8,0,16,16,61,16,0,0,0.5,3,0
mall,com.macro.mall.demo,MallDemoApplication,0,0,1,1,5,1,0,0,-1.0,1,1
mall,com.macro.mall.demo,MallDemoApplicationTests,1,0,2,2,14,2,0,0,1.0,0,1
mall,com.macro.mall.demo.service,DemoService,0,0,6,0,11,6,0,0,-1.0,1,1
mall,com.macro.mall.demo.service.impl,DemoServiceImpl,1,0,6,6,30,6,0,0,0.0,0,3
mall,com.macro.mall.demo.validator,FlagValidatorClass,1,0,2,2,19,4,0,0,0.0,0,0
mall,com.macro.mall.mapper,CmsHelpCategoryMapper,0,0,11,0,13,11,0,0,-1.0,0,2
mall,com.macro.mall.mapper,CmsHelpMapper,0,0,14,0,16,14,0,0,-1.0,0,2
mall,com.macro.mall.mapper,CmsMemberReportMapper,0,0,7,0,9,7,0,0,-1.0,0,2
mall,com.macro.mall.mapper,CmsPrefrenceAreaMapper,0,0,14,0,16,14,0,0,-1.0,1,2
mall,com.macro.mall.mapper,CmsPrefrenceAreaProductRelationMapper,0,0,11,0,13,11,0,0,-1.0,0,2
mall,com.macro.mall.mapper,CmsSubjectCategoryMapper,0,0,11,0,13,11,0,0,-1.0,0,2
mall,com.macro.mall.mapper,CmsSubjectCommentMapper,0,0,11,0,13,11,0,0,-1.0,0,2
mall,com.macro.mall.mapper,CmsSubjectMapper,0,0,14,0,16,14,0,0,-1.0,1,2
mall,com.macro.mall.mapper,CmsSubjectProductRelationMapper,0,0,11,0,13,11,0,0,-1.0,0,2
mall,com.macro.mall.mapper,CmsTopicCategoryMapper,0,0,11,0,13,11,0,0,-1.0,0,2
mall,com.macro.mall.mapper,CmsTopicCommentMapper,0,0,11,0,13,11,0,0,-1.0,0,2
mall,com.macro.mall.mapper,CmsTopicMapper,0,0,14,0,16,14,0,0,-1.0,0,2
mall,com.macro.mall.mapper,OmsCartItemMapper,0,0,11,0,13,11,0,0,-1.0,1,2
mall,com.macro.mall.mapper,OmsCompanyAddressMapper,0,0,11,0,13,11,0,0,-1.0,1,2
mall,com.macro.mall.mapper,OmsOrderItemMapper,0,0,11,0,13,11,0,0,-1.0,0,2
mall,com.macro.mall.mapper,OmsOrderMapper,0,0,11,0,13,11,0,0,-1.0,1,2
mall,com.macro.mall.mapper,OmsOrderOperateHistoryMapper,0,0,11,0,13,11,0,0,-1.0,1,2
mall,com.macro.mall.mapper,OmsOrderReturnApplyMapper,0,0,11,0,13,11,0,0,-1.0,2,2
mall,com.macro.mall.mapper,OmsOrderReturnReasonMapper,0,0,11,0,13,11,0,0,-1.0,1,2
mall,com.macro.mall.mapper,OmsOrderSettingMapper,0,0,11,0,13,11,0,0,-1.0,1,2
mall,com.macro.mall.mapper,PmsAlbumMapper,0,0,11,0,13,11,0,0,-1.0,0,2
mall,com.macro.mall.mapper,PmsAlbumPicMapper,0,0,11,0,13,11,0,0,-1.0,0,2
mall,com.macro.mall.mapper,PmsBrandMapper,0,0,14,0,16,14,0,0,-1.0,4,2
mall,com.macro.mall.mapper,PmsCommentMapper,0,0,14,0,16,14,0,0,-1.0,0,2
mall,com.macro.mall.mapper,PmsCommentReplayMapper,0,0,11,0,13,11,0,0,-1.0,0,2
mall,com.macro.mall.mapper,PmsFeightTemplateMapper,0,0,11,0,13,11,0,0,-1.0,0,2
mall,com.macro.mall.mapper,PmsMemberPriceMapper,0,0,11,0,13,11,0,0,-1.0,0,2
mall,com.macro.mall.mapper,PmsProductAttributeCategoryMapper,0,0,11,0,13,11,0,0,-1.0,2,2
mall,com.macro.mall.mapper,PmsProductAttributeMapper,0,0,11,0,13,11,0,0,-1.0,1,2
mall,com.macro.mall.mapper,PmsProductAttributeValueMapper,0,0,11,0,13,11,0,0,-1.0,0,2
mall,com.macro.mall.mapper,PmsProductCategoryAttributeRelationMapper,0,0,11,0,13,11,0,0,-1.0,1,2
mall,com.macro.mall.mapper,PmsProductCategoryMapper,0,0,14,0,16,14,0,0,-1.0,1,2
mall,com.macro.mall.mapper,PmsProductFullReductionMapper,0,0,11,0,13,11,0,0,-1.0,0,2
mall,com.macro.mall.mapper,PmsProductLadderMapper,0,0,11,0,13,11,0,0,-1.0,0,2
mall,com.macro.mall.mapper,PmsProductMapper,0,0,14,0,16,14,0,0,-1.0,5,2
mall,com.macro.mall.mapper,PmsProductOperateLogMapper,0,0,11,0,13,11,0,0,-1.0,0,2
mall,com.macro.mall.mapper,PmsProductVertifyRecordMapper,0,0,11,0,13,11,0,0,-1.0,0,2
mall,com.macro.mall.mapper,PmsSkuStockMapper,0,0,11,0,13,11,0,0,-1.0,1,2
mall,com.macro.mall.mapper,SmsCouponHistoryMapper,0,0,11,0,13,11,0,0,-1.0,1,2
mall,com.macro.mall.mapper,SmsCouponMapper,0,0,11,0,13,11,0,0,-1.0,1,2
mall,com.macro.mall.mapper,SmsCouponProductCategoryRelationMapper,0,0,11,0,13,11,0,0,-1.0,1,2
mall,com.macro.mall.mapper,SmsCouponProductRelationMapper,0,0,11,0,13,11,0,0,-1.0,1,2
mall,com.macro.mall.mapper,SmsFlashPromotionLogMapper,0,0,11,0,13,11,0,0,-1.0,0,2
mall,com.macro.mall.mapper,SmsFlashPromotionMapper,0,0,11,0,13,11,0,0,-1.0,1,2
mall,com.macro.mall.mapper,SmsFlashPromotionProductRelationMapper,0,0,11,0,13,11,0,0,-1.0,1,2
mall,com.macro.mall.mapper,SmsFlashPromotionSessionMapper,0,0,11,0,13,11,0,0,-1.0,1,2
mall,com.macro.mall.mapper,SmsHomeAdvertiseMapper,0,0,11,0,13,11,0,0,-1.0,1,2
mall,com.macro.mall.mapper,SmsHomeBrandMapper,0,0,11,0,13,11,0,0,-1.0,1,2
mall,com.macro.mall.mapper,SmsHomeNewProductMapper,0,0,11,0,13,11,0,0,-1.0,1,2
mall,com.macro.mall.mapper,SmsHomeRecommendProductMapper,0,0,11,0,13,11,0,0,-1.0,1,2
mall,com.macro.mall.mapper,SmsHomeRecommendSubjectMapper,0,0,11,0,13,11,0,0,-1.0,1,2
mall,com.macro.mall.mapper,UmsAdminLoginLogMapper,0,0,11,0,13,11,0,0,-1.0,1,2
mall,com.macro.mall.mapper,UmsAdminMapper,0,0,11,0,13,11,0,0,-1.0,2,2
mall,com.macro.mall.mapper,UmsAdminPermissionRelationMapper,0,0,11,0,13,11,0,0,-1.0,0,2
mall,com.macro.mall.mapper,UmsAdminRoleRelationMapper,0,0,11,0,13,11,0,0,-1.0,2,2
mall,com.macro.mall.mapper,UmsGrowthChangeHistoryMapper,0,0,11,0,13,11,0,0,-1.0,0,2
mall,com.macro.mall.mapper,UmsIntegrationChangeHistoryMapper,0,0,11,0,13,11,0,0,-1.0,0,2
mall,com.macro.mall.mapper,UmsIntegrationConsumeSettingMapper,0,0,11,0,13,11,0,0,-1.0,0,2
mall,com.macro.mall.mapper,UmsMemberLevelMapper,0,0,11,0,13,11,0,0,-1.0,2,2
mall,com.macro.mall.mapper,UmsMemberLoginLogMapper,0,0,11,0,13,11,0,0,-1.0,0,2
mall,com.macro.mall.mapper,UmsMemberMapper,0,0,11,0,13,11,0,0,-1.0,2,2
mall,com.macro.mall.mapper,UmsMemberMemberTagRelationMapper,0,0,11,0,13,11,0,0,-1.0,0,2
mall,com.macro.mall.mapper,UmsMemberProductCategoryRelationMapper,0,0,11,0,13,11,0,0,-1.0,0,2
mall,com.macro.mall.mapper,UmsMemberReceiveAddressMapper,0,0,11,0,13,11,0,0,-1.0,1,2
mall,com.macro.mall.mapper,UmsMemberRuleSettingMapper,0,0,11,0,13,11,0,0,-1.0,0,2
mall,com.macro.mall.mapper,UmsMemberStatisticsInfoMapper,0,0,11,0,13,11,0,0,-1.0,0,2
mall,com.macro.mall.mapper,UmsMemberTagMapper,0,0,11,0,13,11,0,0,-1.0,0,2
mall,com.macro.mall.mapper,UmsMemberTaskMapper,0,0,11,0,13,11,0,0,-1.0,0,2
mall,com.macro.mall.mapper,UmsMenuMapper,0,0,11,0,13,11,0,0,-1.0,1,2
mall,com.macro.mall.mapper,UmsPermissionMapper,0,0,11,0,13,11,0,0,-1.0,0,2
mall,com.macro.mall.mapper,UmsResourceCategoryMapper,0,0,11,0,13,11,0,0,-1.0,1,2
mall,com.macro.mall.mapper,UmsResourceMapper,0,0,11,0,13,11,0,0,-1.0,1,2
mall,com.macro.mall.mapper,UmsRoleMapper,0,0,11,0,13,11,0,0,-1.0,1,2
mall,com.macro.mall.mapper,UmsRoleMenuRelationMapper,0,0,11,0,13,11,0,0,-1.0,1,2
mall,com.macro.mall.mapper,UmsRolePermissionRelationMapper,0,0,11,0,13,11,0,0,-1.0,0,2
mall,com.macro.mall.mapper,UmsRoleResourceRelationMapper,0,0,11,0,13,11,0,0,-1.0,1,2
mall,com.macro.mall.model,CmsHelp,9,0,17,17,76,17,0,0,0.0,1,0
mall,com.macro.mall.model,CmsHelpCategory,7,0,13,13,60,13,0,0,0.0,1,0
mall,com.macro.mall.model,CmsHelpCategoryExample,12,0,108,97,456,113,0,0,0.35185185185185186,1,1
mall,com.macro.mall.model,GeneratedCriteria,1,0,83,79,338,86,76,0,0.0,0,0
mall,com.macro.mall.model,Criteria,0,0,1,0,5,1,0,1,-1.0,76,0
mall,com.macro.mall.model,Criterion,8,0,13,8,66,14,0,0,0.0,0,0
mall,com.macro.mall.model,CmsHelpExample,12,0,120,109,504,125,0,0,0.36666666666666664,1,1
mall,com.macro.mall.model,GeneratedCriteria,1,0,95,91,386,98,0,0,0.9368421052631579,0,0
mall,com.macro.mall.model,Criteria,0,0,1,0,5,1,0,1,-1.0,0,0
mall,com.macro.mall.model,Criterion,8,0,13,8,66,14,0,0,0.0,0,0
mall,com.macro.mall.model,CmsMemberReport,9,0,17,17,76,17,0,0,0.0,1,0
mall,com.macro.mall.model,CmsMemberReportExample,12,0,134,123,560,139,0,0,0.373134328358209,1,1
mall,com.macro.mall.model,GeneratedCriteria,1,0,109,105,442,112,0,0,0.944954128440367,0,0
mall,com.macro.mall.model,Criteria,0,0,1,0,5,1,0,1,-1.0,0,0
mall,com.macro.mall.model,Criterion,8,0,13,8,66,14,0,0,0.0,0,0
mall,com.macro.mall.model,CmsPrefrenceArea,7,0,13,13,60,13,0,0,0.0,1,0
mall,com.macro.mall.model,CmsPrefrenceAreaExample,12,0,96,85,408,101,0,0,0.3333333333333333,1,1
mall,com.macro.mall.model,GeneratedCriteria,1,0,71,67,290,74,0,0,0.9154929577464789,0,0
mall,com.macro.mall.model,Criteria,0,0,1,0,5,1,0,1,-1.0,0,0
mall,com.macro.mall.model,Criterion,8,0,13,8,66,14,0,0,0.0,0,0
mall,com.macro.mall.model,CmsPrefrenceAreaProductRelation,4,0,7,7,36,7,0,0,0.0,1,0
mall,com.macro.mall.model,CmsPrefrenceAreaProductRelationExample,12,0,68,57,296,73,0,0,0.29411764705882354,1,1
mall,com.macro.mall.model,GeneratedCriteria,1,0,43,39,178,46,0,0,0.8604651162790697,0,0
mall,com.macro.mall.model,Criteria,0,0,1,0,5,1,0,1,-1.0,0,0
mall,com.macro.mall.model,Criterion,8,0,13,8,66,14,0,0,0.0,0,0
mall,com.macro.mall.model,CmsSubject,17,0,33,33,140,33,0,0,0.0,1,0
mall,com.macro.mall.model,CmsSubjectCategory,7,0,13,13,60,13,0,0,0.0,1,0
mall,com.macro.mall.model,CmsSubjectCategoryExample,12,0,108,97,456,113,0,0,0.35185185185185186,1,1
mall,com.macro.mall.model,GeneratedCriteria,1,0,83,79,338,86,0,0,0.927710843373494,0,0
mall,com.macro.mall.model,Criteria,0,0,1,0,5,1,0,1,-1.0,0,0
mall,com.macro.mall.model,Criterion,8,0,13,8,66,14,0,0,0.0,0,0
mall,com.macro.mall.model,CmsSubjectComment,8,0,15,15,68,15,0,0,0.0,1,0
mall,com.macro.mall.model,CmsSubjectCommentExample,12,0,122,111,512,127,0,0,0.36065573770491804,1,1
mall,com.macro.mall.model,GeneratedCriteria,1,0,97,93,394,100,0,0,0.9381443298969072,0,0
mall,com.macro.mall.model,Criteria,0,0,1,0,5,1,0,1,-1.0,0,0
mall,com.macro.mall.model,Criterion,8,0,13,8,66,14,0,0,0.0,0,0
mall,com.macro.mall.model,CmsSubjectExample,12,0,222,211,912,227,0,0,0.4144144144144144,2,1
mall,com.macro.mall.model,GeneratedCriteria,1,0,197,193,794,200,0,0,0.9695431472081218,0,0
mall,com.macro.mall.model,Criteria,0,0,1,0,5,1,0,1,-1.0,0,0
mall,com.macro.mall.model,Criterion,8,0,13,8,66,14,0,0,0.0,0,0
mall,com.macro.mall.model,CmsSubjectProductRelation,4,0,7,7,36,7,0,0,0.0,1,0
mall,com.macro.mall.model,CmsSubjectProductRelationExample,12,0,68,57,296,73,0,0,0.29411764705882354,1,1
mall,com.macro.mall.model,GeneratedCriteria,1,0,43,39,178,46,0,0,0.8604651162790697,0,0
mall,com.macro.mall.model,Criteria,0,0,1,0,5,1,0,1,-1.0,0,0
mall,com.macro.mall.model,Criterion,8,0,13,8,66,14,0,0,0.0,0,0
mall,com.macro.mall.model,CmsTopic,13,0,25,25,108,25,0,0,0.0,1,0
mall,com.macro.mall.model,CmsTopicCategory,7,0,13,13,60,13,0,0,0.0,1,0
mall,com.macro.mall.model,CmsTopicCategoryExample,12,0,108,97,456,113,0,0,0.35185185185185186,1,1
mall,com.macro.mall.model,GeneratedCriteria,1,0,83,79,338,86,0,0,0.927710843373494,0,0
mall,com.macro.mall.model,Criteria,0,0,1,0,5,1,0,1,-1.0,0,0
mall,com.macro.mall.model,Criterion,8,0,13,8,66,14,0,0,0.0,0,0
mall,com.macro.mall.model,CmsTopicComment,8,0,15,15,68,15,0,0,0.0,1,0
mall,com.macro.mall.model,CmsTopicCommentExample,12,0,122,111,512,127,0,0,0.36065573770491804,1,1
mall,com.macro.mall.model,GeneratedCriteria,1,0,97,93,394,100,0,0,0.9381443298969072,0,0
mall,com.macro.mall.model,Criteria,0,0,1,0,5,1,0,1,-1.0,0,0
mall,com.macro.mall.model,Criterion,8,0,13,8,66,14,0,0,0.0,0,0
mall,com.macro.mall.model,CmsTopicExample,12,0,170,159,704,175,0,0,0.4,1,1
mall,com.macro.mall.model,GeneratedCriteria,1,0,145,141,586,148,0,0,0.9586206896551724,0,0
mall,com.macro.mall.model,Criteria,0,0,1,0,5,1,0,1,-1.0,0,0
mall,com.macro.mall.model,Criterion,8,0,13,8,66,14,0,0,0.0,0,0
mall,com.macro.mall.model,OmsCartItem,19,0,37,37,156,37,0,0,0.0,4,0
mall,com.macro.mall.model,OmsCartItemExample,12,0,264,253,1080,269,0,0,0.4166666666666667,2,1
mall,com.macro.mall.model,GeneratedCriteria,1,0,239,235,962,242,0,0,0.9748953974895398,0,0
mall,com.macro.mall.model,Criteria,0,0,1,0,5,1,0,1,-1.0,0,0
mall,com.macro.mall.model,Criterion,8,0,13,8,66,14,0,0,0.0,0,0
mall,com.macro.mall.model,OmsCompanyAddress,11,0,21,21,92,21,0,0,0.0,2,0
mall,com.macro.mall.model,OmsCompanyAddressExample,12,0,166,155,688,171,0,0,0.37349397590361444,1,1
mall,com.macro.mall.model,GeneratedCriteria,1,0,141,137,570,144,0,0,0.9574468085106383,0,0
mall,com.macro.mall.model,Criteria,0,0,1,0,5,1,0,1,-1.0,0,0
mall,com.macro.mall.model,Criterion,8,0,13,8,66,14,0,0,0.0,0,0
mall,com.macro.mall.model,OmsOrder,45,0,89,89,364,89,0,0,0.0,2,0
mall,com.macro.mall.model,OmsOrderExample,12,0,594,583,2400,599,0,0,0.4478114478114478,2,1
mall,com.macro.mall.model,GeneratedCriteria,1,0,569,565,2282,572,0,0,0.9894551845342706,0,0
mall,com.macro.mall.model,Criteria,0,0,1,0,5,1,0,1,-1.0,0,0
mall,com.macro.mall.model,Criterion,8,0,13,8,66,14,0,0,0.0,0,0
mall,com.macro.mall.model,OmsOrderItem,22,0,43,43,180,43,0,0,0.0,1,0
mall,com.macro.mall.model,OmsOrderItemExample,12,0,300,289,1224,305,0,0,0.4266666666666667,1,1
mall,com.macro.mall.model,GeneratedCriteria,1,0,275,271,1106,278,0,0,0.9781818181818182,0,0
mall,com.macro.mall.model,Criteria,0,0,1,0,5,1,0,1,-1.0,0,0
mall,com.macro.mall.model,Criterion,8,0,13,8,66,14,0,0,0.0,0,0
mall,com.macro.mall.model,OmsOrderOperateHistory,7,0,13,13,60,13,0,0,0.0,2,0
mall,com.macro.mall.model,OmsOrderOperateHistoryExample,12,0,108,97,456,113,0,0,0.35185185185185186,1,1
mall,com.macro.mall.model,GeneratedCriteria,1,0,83,79,338,86,0,0,0.927710843373494,0,0
mall,com.macro.mall.model,Criteria,0,0,1,0,5,1,0,1,-1.0,0,0
mall,com.macro.mall.model,Criterion,8,0,13,8,66,14,0,0,0.0,0,0
mall,com.macro.mall.model,OmsOrderReturnApply,28,0,55,55,228,55,0,0,0.0,3,0
mall,com.macro.mall.model,OmsOrderReturnApplyExample,12,0,386,375,1568,391,0,0,0.42487046632124353,2,1
mall,com.macro.mall.model,GeneratedCriteria,1,0,361,357,1450,364,0,0,0.9833795013850416,0,0
mall,com.macro.mall.model,Criteria,0,0,1,0,5,1,0,1,-1.0,0,0
mall,com.macro.mall.model,Criterion,8,0,13,8,66,14,0,0,0.0,0,0
mall,com.macro.mall.model,OmsOrderReturnReason,6,0,11,11,52,11,0,0,0.0,4,0
mall,com.macro.mall.model,OmsOrderReturnReasonExample,12,0,94,83,400,99,0,0,0.3404255319148936,2,1
mall,com.macro.mall.model,GeneratedCriteria,1,0,69,65,282,72,0,0,0.9130434782608695,0,0
mall,com.macro.mall.model,Criteria,0,0,1,0,5,1,0,1,-1.0,0,0
mall,com.macro.mall.model,Criterion,8,0,13,8,66,14,0,0,0.0,0,0
mall,com.macro.mall.model,OmsOrderSetting,7,0,13,13,60,13,0,0,0.0,4,0
mall,com.macro.mall.model,OmsOrderSettingExample,12,0,104,93,440,109,0,0,0.36538461538461536,1,1
mall,com.macro.mall.model,GeneratedCriteria,1,0,79,75,322,82,0,0,0.9240506329113924,0,0
mall,com.macro.mall.model,Criteria,0,0,1,0,5,1,0,1,-1.0,0,0
mall,com.macro.mall.model,Criterion,8,0,13,8,66,14,0,0,0.0,0,0
mall,com.macro.mall.model,PmsAlbum,7,0,13,13,60,13,0,0,0.0,1,0
mall,com.macro.mall.model,PmsAlbumExample,12,0,110,99,464,115,0,0,0.34545454545454546,1,1
mall,com.macro.mall.model,GeneratedCriteria,1,0,85,81,346,88,0,0,0.9294117647058824,0,0
mall,com.macro.mall.model,Criteria,0,0,1,0,5,1,0,1,-1.0,0,0
mall,com.macro.mall.model,Criterion,8,0,13,8,66,14,0,0,0.0,0,0
mall,com.macro.mall.model,PmsAlbumPic,4,0,7,7,36,7,0,0,0.0,1,0
mall,com.macro.mall.model,PmsAlbumPicExample,12,0,70,59,304,75,0,0,0.2857142857142857,1,1
mall,com.macro.mall.model,GeneratedCriteria,1,0,45,41,186,48,0,0,0.8666666666666667,0,0
mall,com.macro.mall.model,Criteria,0,0,1,0,5,1,0,1,-1.0,0,0
mall,com.macro.mall.model,Criterion,8,0,13,8,66,14,0,0,0.0,0,0
mall,com.macro.mall.model,PmsBrand,12,0,23,23,100,23,0,0,0.0,6,0
mall,com.macro.mall.model,PmsBrandExample,12,0,160,149,664,165,0,0,0.3875,2,1
mall,com.macro.mall.model,GeneratedCriteria,1,0,135,131,546,138,0,0,0.9555555555555556,0,0
mall,com.macro.mall.model,Criteria,0,0,1,0,5,1,0,1,-1.0,0,0
mall,com.macro.mall.model,Criterion,8,0,13,8,66,14,0,0,0.0,0,0
mall,com.macro.mall.model,PmsComment,16,0,31,31,132,31,0,0,0.0,1,0
mall,com.macro.mall.model,PmsCommentExample,12,0,212,201,872,217,0,0,0.4056603773584906,1,1
mall,com.macro.mall.model,GeneratedCriteria,1,0,187,183,754,190,0,0,0.9679144385026738,0,0
mall,com.macro.mall.model,Criteria,0,0,1,0,5,1,0,1,-1.0,0,0
mall,com.macro.mall.model,Criterion,8,0,13,8,66,14,0,0,0.0,0,0
mall,com.macro.mall.model,PmsCommentReplay,8,0,15,15,68,15,0,0,0.0,1,0
mall,com.macro.mall.model,PmsCommentReplayExample,12,0,122,111,512,127,0,0,0.36065573770491804,1,1
mall,com.macro.mall.model,GeneratedCriteria,1,0,97,93,394,100,0,0,0.9381443298969072,0,0
mall,com.macro.mall.model,Criteria,0,0,1,0,5,1,0,1,-1.0,0,0
mall,com.macro.mall.model,Criterion,8,0,13,8,66,14,0,0,0.0,0,0
mall,com.macro.mall.model,PmsFeightTemplate,9,0,17,17,76,17,0,0,0.0,1,0
mall,com.macro.mall.model,PmsFeightTemplateExample,12,0,132,121,552,137,0,0,0.3787878787878788,1,1
mall,com.macro.mall.model,GeneratedCriteria,1,0,107,103,434,110,0,0,0.9439252336448598,0,0
mall,com.macro.mall.model,Criteria,0,0,1,0,5,1,0,1,-1.0,0,0
mall,com.macro.mall.model,Criterion,8,0,13,8,66,14,0,0,0.0,0,0
mall,com.macro.mall.model,PmsMemberPrice,6,0,11,11,52,11,0,0,0.0,2,0
mall,com.macro.mall.model,PmsMemberPriceExample,12,0,94,83,400,99,0,0,0.3404255319148936,1,1
mall,com.macro.mall.model,GeneratedCriteria,1,0,69,65,282,72,0,0,0.9130434782608695,0,0
mall,com.macro.mall.model,Criteria,0,0,1,0,5,1,0,1,-1.0,0,0
mall,com.macro.mall.model,Criterion,8,0,13,8,66,14,0,0,0.0,0,0
mall,com.macro.mall.model,PmsProduct,43,0,85,85,348,85,0,0,0.0,6,0
mall,com.macro.mall.model,PmsProductAttribute,13,0,25,25,108,25,0,0,0.0,3,0
mall,com.macro.mall.model,PmsProductAttributeCategory,5,0,9,9,44,9,0,0,0.0,4,0
mall,com.macro.mall.model,PmsProductAttributeCategoryExample,12,0,82,71,352,87,0,0,0.3170731707317073,1,1
mall,com.macro.mall.model,GeneratedCriteria,1,0,57,53,234,60,0,0,0.8947368421052632,0,0
mall,com.macro.mall.model,Criteria,0,0,1,0,5,1,0,1,-1.0,0,0
mall,com.macro.mall.model,Criterion,8,0,13,8,66,14,0,0,0.0,0,0
mall,com.macro.mall.model,PmsProductAttributeExample,12,0,180,169,744,185,0,0,0.4111111111111111,2,1
mall,com.macro.mall.model,GeneratedCriteria,1,0,155,151,626,158,0,0,0.9612903225806452,0,0
mall,com.macro.mall.model,Criteria,0,0,1,0,5,1,0,1,-1.0,0,0
mall,com.macro.mall.model,Criterion,8,0,13,8,66,14,0,0,0.0,0,0
mall,com.macro.mall.model,PmsProductAttributeValue,5,0,9,9,44,9,0,0,0.0,1,0
mall,com.macro.mall.model,PmsProductAttributeValueExample,12,0,82,71,352,87,0,0,0.3170731707317073,1,1
mall,com.macro.mall.model,GeneratedCriteria,1,0,57,53,234,60,0,0,0.8947368421052632,0,0
mall,com.macro.mall.model,Criteria,0,0,1,0,5,1,0,1,-1.0,0,0
mall,com.macro.mall.model,Criterion,8,0,13,8,66,14,0,0,0.0,0,0
mall,com.macro.mall.model,PmsProductCategory,13,0,25,25,108,25,0,0,0.0,2,0
mall,com.macro.mall.model,PmsProductCategoryAttributeRelation,4,0,7,7,36,7,0,0,0.0,1,0
mall,com.macro.mall.model,PmsProductCategoryAttributeRelationExample,12,0,68,57,296,73,0,0,0.29411764705882354,1,1
mall,com.macro.mall.model,GeneratedCriteria,1,0,43,39,178,46,0,0,0.8604651162790697,0,0
mall,com.macro.mall.model,Criteria,0,0,1,0,5,1,0,1,-1.0,0,0
mall,com.macro.mall.model,Criterion,8,0,13,8,66,14,0,0,0.0,0,0
mall,com.macro.mall.model,PmsProductCategoryExample,12,0,172,161,712,177,0,0,0.3953488372093023,1,1
mall,com.macro.mall.model,GeneratedCriteria,1,0,147,143,594,150,0,0,0.9591836734693877,0,0
mall,com.macro.mall.model,Criteria,0,0,1,0,5,1,0,1,-1.0,0,0
mall,com.macro.mall.model,Criterion,8,0,13,8,66,14,0,0,0.0,0,0
mall,com.macro.mall.model,PmsProductExample,12,0,512,501,2072,517,0,0,0.44921875,3,1
mall,com.macro.mall.model,GeneratedCriteria,1,0,487,483,1954,490,0,0,0.9876796714579056,0,0
mall,com.macro.mall.model,Criteria,0,0,1,0,5,1,0,1,-1.0,0,0
mall,com.macro.mall.model,Criterion,8,0,13,8,66,14,0,0,0.0,0,0
mall,com.macro.mall.model,PmsProductFullReduction,5,0,9,9,44,9,0,0,0.0,2,0
mall,com.macro.mall.model,PmsProductFullReductionExample,12,0,80,69,344,85,0,0,0.325,1,1
mall,com.macro.mall.model,GeneratedCriteria,1,0,55,51,226,58,0,0,0.8909090909090909,0,0
mall,com.macro.mall.model,Criteria,0,0,1,0,5,1,0,1,-1.0,0,0
mall,com.macro.mall.model,Criterion,8,0,13,8,66,14,0,0,0.0,0,0
mall,com.macro.mall.model,PmsProductLadder,6,0,11,11,52,11,0,0,0.0,2,0
mall,com.macro.mall.model,PmsProductLadderExample,12,0,92,81,392,97,0,0,0.34782608695652173,1,1
mall,com.macro.mall.model,GeneratedCriteria,1,0,67,63,274,70,0,0,0.9104477611940298,0,0
mall,com.macro.mall.model,Criteria,0,0,1,0,5,1,0,1,-1.0,0,0
mall,com.macro.mall.model,Criterion,8,0,13,8,66,14,0,0,0.0,0,0
mall,com.macro.mall.model,PmsProductOperateLog,13,0,25,25,108,25,0,0,0.0,1,0
mall,com.macro.mall.model,PmsProductOperateLogExample,12,0,178,167,736,183,0,0,0.4157303370786517,1,1
mall,com.macro.mall.model,GeneratedCriteria,1,0,153,149,618,156,0,0,0.9607843137254902,0,0
mall,com.macro.mall.model,Criteria,0,0,1,0,5,1,0,1,-1.0,0,0
mall,com.macro.mall.model,Criterion,8,0,13,8,66,14,0,0,0.0,0,0
mall,com.macro.mall.model,PmsProductVertifyRecord,7,0,13,13,60,13,0,0,0.0,1,0
mall,com.macro.mall.model,PmsProductVertifyRecordExample,12,0,108,97,456,113,0,0,0.35185185185185186,1,1
mall,com.macro.mall.model,GeneratedCriteria,1,0,83,79,338,86,0,0,0.927710843373494,0,0
mall,com.macro.mall.model,Criteria,0,0,1,0,5,1,0,1,-1.0,0,0
mall,com.macro.mall.model,Criterion,8,0,13,8,66,14,0,0,0.0,0,0
mall,com.macro.mall.model,PmsSkuStock,12,0,23,23,100,23,0,0,0.0,2,0
mall,com.macro.mall.model,PmsSkuStockExample,12,0,170,159,704,175,0,0,0.4,2,1
mall,com.macro.mall.model,GeneratedCriteria,1,0,145,141,586,148,0,0,0.9586206896551724,0,0
mall,com.macro.mall.model,Criteria,0,0,1,0,5,1,0,1,-1.0,0,0
mall,com.macro.mall.model,Criterion,8,0,13,8,66,14,0,0,0.0,0,0
mall,com.macro.mall.model,SmsCoupon,19,0,37,37,156,37,0,0,0.0,2,0
mall,com.macro.mall.model,SmsCouponExample,12,0,254,243,1040,259,0,0,0.4330708661417323,1,1
mall,com.macro.mall.model,GeneratedCriteria,1,0,229,225,922,232,0,0,0.9737991266375546,0,0
mall,com.macro.mall.model,Criteria,0,0,1,0,5,1,0,1,-1.0,0,0
mall,com.macro.mall.model,Criterion,8,0,13,8,66,14,0,0,0.0,0,0
mall,com.macro.mall.model,SmsCouponHistory,12,0,23,23,100,23,0,0,0.0,1,0
mall,com.macro.mall.model,SmsCouponHistoryExample,12,0,170,159,704,175,0,0,0.4,2,1
mall,com.macro.mall.model,GeneratedCriteria,1,0,145,141,586,148,0,0,0.9586206896551724,0,0
mall,com.macro.mall.model,Criteria,0,0,1,0,5,1,0,1,-1.0,0,0
mall,com.macro.mall.model,Criterion,8,0,13,8,66,14,0,0,0.0,0,0
mall,com.macro.mall.model,SmsCouponProductCategoryRelation,6,0,11,11,52,11,0,0,0.0,1,0
mall,com.macro.mall.model,SmsCouponProductCategoryRelationExample,12,0,96,85,408,101,0,0,0.3333333333333333,1,1
mall,com.macro.mall.model,GeneratedCriteria,1,0,71,67,290,74,0,0,0.9154929577464789,0,0
mall,com.macro.mall.model,Criteria,0,0,1,0,5,1,0,1,-1.0,0,0
mall,com.macro.mall.model,Criterion,8,0,13,8,66,14,0,0,0.0,0,0
mall,com.macro.mall.model,SmsCouponProductRelation,6,0,11,11,52,11,0,0,0.0,1,0
mall,com.macro.mall.model,SmsCouponProductRelationExample,12,0,96,85,408,101,0,0,0.3333333333333333,1,1
mall,com.macro.mall.model,GeneratedCriteria,1,0,71,67,290,74,0,0,0.9154929577464789,0,0
mall,com.macro.mall.model,Criteria,0,0,1,0,5,1,0,1,-1.0,0,0
mall,com.macro.mall.model,Criterion,8,0,13,8,66,14,0,0,0.0,0,0
mall,com.macro.mall.model,SmsFlashPromotion,7,0,13,13,60,13,0,0,0.0,4,0
mall,com.macro.mall.model,SmsFlashPromotionExample,12,0,109,95,471,118,0,0,0.3486238532110092,2,1
mall,com.macro.mall.model,GeneratedCriteria,1,0,84,77,353,91,0,0,0.9285714285714286,0,0
mall,com.macro.mall.model,Criteria,0,0,1,0,5,1,0,1,-1.0,0,0
mall,com.macro.mall.model,Criterion,8,0,13,8,66,14,0,0,0.0,0,0
mall,com.macro.mall.model,SmsFlashPromotionLog,8,0,15,15,68,15,0,0,0.0,1,0
mall,com.macro.mall.model,SmsFlashPromotionLogExample,12,0,120,109,504,125,0,0,0.36666666666666664,1,1
mall,com.macro.mall.model,GeneratedCriteria,1,0,95,91,386,98,0,0,0.9368421052631579,0,0
mall,com.macro.mall.model,Criteria,0,0,1,0,5,1,0,1,-1.0,0,0
mall,com.macro.mall.model,Criterion,8,0,13,8,66,14,0,0,0.0,0,0
mall,com.macro.mall.model,SmsFlashPromotionProductRelation,9,0,17,17,76,17,0,0,0.0,4,0
mall,com.macro.mall.model,SmsFlashPromotionProductRelationExample,12,0,128,117,536,133,0,0,0.390625,2,1
mall,com.macro.mall.model,GeneratedCriteria,1,0,103,99,418,106,0,0,0.941747572815534,0,0
mall,com.macro.mall.model,Criteria,0,0,1,0,5,1,0,1,-1.0,0,0
mall,com.macro.mall.model,Criterion,8,0,13,8,66,14,0,0,0.0,0,0
mall,com.macro.mall.model,SmsFlashPromotionSession,7,0,13,13,60,13,0,0,0.0,4,0
mall,com.macro.mall.model,SmsFlashPromotionSessionExample,12,0,109,95,471,118,0,0,0.3486238532110092,2,1
mall,com.macro.mall.model,GeneratedCriteria,1,0,84,77,353,91,0,0,0.9285714285714286,0,0
mall,com.macro.mall.model,Criteria,0,0,1,0,5,1,0,1,-1.0,0,0
mall,com.macro.mall.model,Criterion,8,0,13,8,66,14,0,0,0.0,0,0
mall,com.macro.mall.model,SmsHomeAdvertise,13,0,25,25,108,25,0,0,0.0,4,0
mall,com.macro.mall.model,SmsHomeAdvertiseExample,12,0,184,173,760,189,0,0,0.40217391304347827,2,1
mall,com.macro.mall.model,GeneratedCriteria,1,0,159,155,642,162,0,0,0.9622641509433962,0,0
mall,com.macro.mall.model,Criteria,0,0,1,0,5,1,0,1,-1.0,0,0
mall,com.macro.mall.model,Criterion,8,0,13,8,66,14,0,0,0.0,0,0
mall,com.macro.mall.model,SmsHomeBrand,6,0,11,11,52,11,0,0,0.0,2,0
mall,com.macro.mall.model,SmsHomeBrandExample,12,0,94,83,400,99,0,0,0.3404255319148936,2,1
mall,com.macro.mall.model,GeneratedCriteria,1,0,69,65,282,72,0,0,0.9130434782608695,0,0
mall,com.macro.mall.model,Criteria,0,0,1,0,5,1,0,1,-1.0,0,0
mall,com.macro.mall.model,Criterion,8,0,13,8,66,14,0,0,0.0,0,0
mall,com.macro.mall.model,SmsHomeNewProduct,6,0,11,11,52,11,0,0,0.0,2,0
mall,com.macro.mall.model,SmsHomeNewProductExample,12,0,94,83,400,99,0,0,0.3404255319148936,2,1
mall,com.macro.mall.model,GeneratedCriteria,1,0,69,65,282,72,0,0,0.9130434782608695,0,0
mall,com.macro.mall.model,Criteria,0,0,1,0,5,1,0,1,-1.0,0,0
mall,com.macro.mall.model,Criterion,8,0,13,8,66,14,0,0,0.0,0,0
mall,com.macro.mall.model,SmsHomeRecommendProduct,6,0,11,11,52,11,0,0,0.0,2,0
mall,com.macro.mall.model,SmsHomeRecommendProductExample,12,0,94,83,400,99,0,0,0.3404255319148936,2,1
mall,com.macro.mall.model,GeneratedCriteria,1,0,69,65,282,72,0,0,0.9130434782608695,0,0
mall,com.macro.mall.model,Criteria,0,0,1,0,5,1,0,1,-1.0,0,0
mall,com.macro.mall.model,Criterion,8,0,13,8,66,14,0,0,0.0,0,0
mall,com.macro.mall.model,SmsHomeRecommendSubject,6,0,11,11,52,11,0,0,0.0,2,0
mall,com.macro.mall.model,SmsHomeRecommendSubjectExample,12,0,94,83,400,99,0,0,0.3404255319148936,2,1
mall,com.macro.mall.model,GeneratedCriteria,1,0,69,65,282,72,0,0,0.9130434782608695,0,0
mall,com.macro.mall.model,Criteria,0,0,1,0,5,1,0,1,-1.0,0,0
mall,com.macro.mall.model,Criterion,8,0,13,8,66,14,0,0,0.0,0,0
mall,com.macro.mall.model,UmsAdmin,11,0,21,21,92,21,0,0,0.0,7,0
mall,com.macro.mall.model,UmsAdminExample,12,0,164,153,680,169,0,0,0.3780487804878049,2,1
mall,com.macro.mall.model,GeneratedCriteria,1,0,139,135,562,142,0,0,0.9568345323741008,0,0
mall,com.macro.mall.model,Criteria,0,0,1,0,5,1,0,1,-1.0,0,0
mall,com.macro.mall.model,Criterion,8,0,13,8,66,14,0,0,0.0,0,0
mall,com.macro.mall.model,UmsAdminLoginLog,7,0,13,13,60,13,0,0,0.0,1,0
mall,com.macro.mall.model,UmsAdminLoginLogExample,12,0,110,99,464,115,0,0,0.34545454545454546,1,1
mall,com.macro.mall.model,GeneratedCriteria,1,0,85,81,346,88,0,0,0.9294117647058824,0,0
mall,com.macro.mall.model,Criteria,0,0,1,0,5,1,0,1,-1.0,0,0
mall,com.macro.mall.model,Criterion,8,0,13,8,66,14,0,0,0.0,0,0
mall,com.macro.mall.model,UmsAdminPermissionRelation,5,0,9,9,44,9,0,0,0.0,1,0
mall,com.macro.mall.model,UmsAdminPermissionRelationExample,12,0,80,69,344,85,0,0,0.325,1,1
mall,com.macro.mall.model,GeneratedCriteria,1,0,55,51,226,58,0,0,0.8909090909090909,0,0
mall,com.macro.mall.model,Criteria,0,0,1,0,5,1,0,1,-1.0,0,0
mall,com.macro.mall.model,Criterion,8,0,13,8,66,14,0,0,0.0,0,0
mall,com.macro.mall.model,UmsAdminRoleRelation,4,0,7,7,36,7,0,0,0.0,1,0
mall,com.macro.mall.model,UmsAdminRoleRelationExample,12,0,68,57,296,73,0,0,0.29411764705882354,2,1
mall,com.macro.mall.model,GeneratedCriteria,1,0,43,39,178,46,0,0,0.8604651162790697,0,0
mall,com.macro.mall.model,Criteria,0,0,1,0,5,1,0,1,-1.0,0,0
mall,com.macro.mall.model,Criterion,8,0,13,8,66,14,0,0,0.0,0,0
mall,com.macro.mall.model,UmsGrowthChangeHistory,9,0,17,17,76,17,0,0,0.0,1,0
mall,com.macro.mall.model,UmsGrowthChangeHistoryExample,12,0,132,121,552,137,0,0,0.3787878787878788,1,1
mall,com.macro.mall.model,GeneratedCriteria,1,0,107,103,434,110,0,0,0.9439252336448598,0,0
mall,com.macro.mall.model,Criteria,0,0,1,0,5,1,0,1,-1.0,0,0
mall,com.macro.mall.model,Criterion,8,0,13,8,66,14,0,0,0.0,0,0
mall,com.macro.mall.model,UmsIntegrationChangeHistory,9,0,17,17,76,17,0,0,0.0,1,0
mall,com.macro.mall.model,UmsIntegrationChangeHistoryExample,12,0,132,121,552,137,0,0,0.3787878787878788,1,1
mall,com.macro.mall.model,GeneratedCriteria,1,0,107,103,434,110,0,0,0.9439252336448598,0,0
mall,com.macro.mall.model,Criteria,0,0,1,0,5,1,0,1,-1.0,0,0
mall,com.macro.mall.model,Criterion,8,0,13,8,66,14,0,0,0.0,0,0
mall,com.macro.mall.model,UmsIntegrationConsumeSetting,6,0,11,11,52,11,0,0,0.0,2,0
mall,com.macro.mall.model,UmsIntegrationConsumeSettingExample,12,0,92,81,392,97,0,0,0.34782608695652173,1,1
mall,com.macro.mall.model,GeneratedCriteria,1,0,67,63,274,70,0,0,0.9104477611940298,0,0
mall,com.macro.mall.model,Criteria,0,0,1,0,5,1,0,1,-1.0,0,0
mall,com.macro.mall.model,Criterion,8,0,13,8,66,14,0,0,0.0,0,0
mall,com.macro.mall.model,UmsMember,20,0,39,39,164,39,0,0,0.0,11,0
mall,com.macro.mall.model,UmsMemberExample,12,0,279,265,1151,288,0,0,0.4157706093189964,2,1
mall,com.macro.mall.model,GeneratedCriteria,1,0,254,247,1033,261,0,0,0.9763779527559056,0,0
mall,com.macro.mall.model,Criteria,0,0,1,0,5,1,0,1,-1.0,0,0
mall,com.macro.mall.model,Criterion,8,0,13,8,66,14,0,0,0.0,0,0
mall,com.macro.mall.model,UmsMemberLevel,14,0,27,27,116,27,0,0,0.0,1,0
mall,com.macro.mall.model,UmsMemberLevelExample,12,0,192,181,792,197,0,0,0.4166666666666667,3,1
mall,com.macro.mall.model,GeneratedCriteria,1,0,167,163,674,170,0,0,0.9640718562874252,0,0
mall,com.macro.mall.model,Criteria,0,0,1,0,5,1,0,1,-1.0,0,0
mall,com.macro.mall.model,Criterion,8,0,13,8,66,14,0,0,0.0,0,0
mall,com.macro.mall.model,UmsMemberLoginLog,8,0,15,15,68,15,0,0,0.0,1,0
mall,com.macro.mall.model,UmsMemberLoginLogExample,12,0,122,111,512,127,0,0,0.36065573770491804,1,1
mall,com.macro.mall.model,GeneratedCriteria,1,0,97,93,394,100,0,0,0.9381443298969072,0,0
mall,com.macro.mall.model,Criteria,0,0,1,0,5,1,0,1,-1.0,0,0
mall,com.macro.mall.model,Criterion,8,0,13,8,66,14,0,0,0.0,0,0
mall,com.macro.mall.model,UmsMemberMemberTagRelation,4,0,7,7,36,7,0,0,0.0,1,0
mall,com.macro.mall.model,UmsMemberMemberTagRelationExample,12,0,68,57,296,73,0,0,0.29411764705882354,1,1
mall,com.macro.mall.model,GeneratedCriteria,1,0,43,39,178,46,0,0,0.8604651162790697,0,0
mall,com.macro.mall.model,Criteria,0,0,1,0,5,1,0,1,-1.0,0,0
mall,com.macro.mall.model,Criterion,8,0,13,8,66,14,0,0,0.0,0,0
mall,com.macro.mall.model,UmsMemberProductCategoryRelation,4,0,7,7,36,7,0,0,0.0,1,0
mall,com.macro.mall.model,UmsMemberProductCategoryRelationExample,12,0,68,57,296,73,0,0,0.29411764705882354,1,1
mall,com.macro.mall.model,GeneratedCriteria,1,0,43,39,178,46,0,0,0.8604651162790697,0,0
mall,com.macro.mall.model,Criteria,0,0,1,0,5,1,0,1,-1.0,0,0
mall,com.macro.mall.model,Criterion,8,0,13,8,66,14,0,0,0.0,0,0
mall,com.macro.mall.model,UmsMemberReceiveAddress,11,0,21,21,92,21,0,0,0.0,4,0
mall,com.macro.mall.model,UmsMemberReceiveAddressExample,12,0,166,155,688,171,0,0,0.37349397590361444,2,1
mall,com.macro.mall.model,GeneratedCriteria,1,0,141,137,570,144,0,0,0.9574468085106383,0,0
mall,com.macro.mall.model,Criteria,0,0,1,0,5,1,0,1,-1.0,0,0
mall,com.macro.mall.model,Criterion,8,0,13,8,66,14,0,0,0.0,0,0
mall,com.macro.mall.model,UmsMemberRuleSetting,8,0,15,15,68,15,0,0,0.0,1,0
mall,com.macro.mall.model,UmsMemberRuleSettingExample,12,0,116,105,488,121,0,0,0.3793103448275862,1,1
mall,com.macro.mall.model,GeneratedCriteria,1,0,91,87,370,94,0,0,0.9340659340659341,0,0
mall,com.macro.mall.model,Criteria,0,0,1,0,5,1,0,1,-1.0,0,0
mall,com.macro.mall.model,Criterion,8,0,13,8,66,14,0,0,0.0,0,0
mall,com.macro.mall.model,UmsMemberStatisticsInfo,17,0,33,33,140,33,0,0,0.0,1,0
mall,com.macro.mall.model,UmsMemberStatisticsInfoExample,12,0,224,213,920,229,0,0,0.4375,1,1
mall,com.macro.mall.model,GeneratedCriteria,1,0,199,195,802,202,0,0,0.9698492462311558,0,0
mall,com.macro.mall.model,Criteria,0,0,1,0,5,1,0,1,-1.0,0,0
mall,com.macro.mall.model,Criterion,8,0,13,8,66,14,0,0,0.0,0,0
mall,com.macro.mall.model,UmsMemberTag,5,0,9,9,44,9,0,0,0.0,1,0
mall,com.macro.mall.model,UmsMemberTagExample,12,0,82,71,352,87,0,0,0.3170731707317073,1,1
mall,com.macro.mall.model,GeneratedCriteria,1,0,57,53,234,60,0,0,0.8947368421052632,0,0
mall,com.macro.mall.model,Criteria,0,0,1,0,5,1,0,1,-1.0,0,0
mall,com.macro.mall.model,Criterion,8,0,13,8,66,14,0,0,0.0,0,0
mall,com.macro.mall.model,UmsMemberTask,6,0,11,11,52,11,0,0,0.0,1,0
mall,com.macro.mall.model,UmsMemberTaskExample,12,0,94,83,400,99,0,0,0.3404255319148936,1,1
mall,com.macro.mall.model,GeneratedCriteria,1,0,69,65,282,72,0,0,0.9130434782608695,0,0
mall,com.macro.mall.model,Criteria,0,0,1,0,5,1,0,1,-1.0,0,0
mall,com.macro.mall.model,Criterion,8,0,13,8,66,14,0,0,0.0,0,0
mall,com.macro.mall.model,UmsMenu,10,0,19,19,84,19,0,0,0.0,3,0
mall,com.macro.mall.model,UmsMenuExample,12,0,146,135,608,151,0,0,0.3835616438356164,1,1
mall,com.macro.mall.model,GeneratedCriteria,1,0,121,117,490,124,0,0,0.9504132231404959,0,0
mall,com.macro.mall.model,Criteria,0,0,1,0,5,1,0,1,-1.0,0,0
mall,com.macro.mall.model,Criterion,8,0,13,8,66,14,0,0,0.0,0,0
mall,com.macro.mall.model,UmsPermission,11,0,21,21,92,21,0,0,0.0,1,0
mall,com.macro.mall.model,UmsPermissionExample,12,0,160,149,664,165,0,0,0.3875,1,1
mall,com.macro.mall.model,GeneratedCriteria,1,0,135,131,546,138,0,0,0.9555555555555556,0,0
mall,com.macro.mall.model,Criteria,0,0,1,0,5,1,0,1,-1.0,0,0
mall,com.macro.mall.model,Criterion,8,0,13,8,66,14,0,0,0.0,0,0
mall,com.macro.mall.model,UmsResource,7,0,13,13,60,13,0,0,0.0,4,0
mall,com.macro.mall.model,UmsResourceCategory,5,0,9,9,44,9,0,0,0.0,4,0
mall,com.macro.mall.model,UmsResourceCategoryExample,12,0,82,71,352,87,0,0,0.3170731707317073,2,1
mall,com.macro.mall.model,GeneratedCriteria,1,0,57,53,234,60,0,0,0.8947368421052632,0,0
mall,com.macro.mall.model,Criteria,0,0,1,0,5,1,0,1,-1.0,0,0
mall,com.macro.mall.model,Criterion,8,0,13,8,66,14,0,0,0.0,0,0
mall,com.macro.mall.model,UmsResourceExample,12,0,110,99,464,115,0,0,0.34545454545454546,2,1
mall,com.macro.mall.model,GeneratedCriteria,1,0,85,81,346,88,0,0,0.9294117647058824,0,0
mall,com.macro.mall.model,Criteria,0,0,1,0,5,1,0,1,-1.0,0,0
mall,com.macro.mall.model,Criterion,8,0,13,8,66,14,0,0,0.0,0,0
mall,com.macro.mall.model,UmsRole,8,0,15,15,68,15,0,0,0.0,2,0
mall,com.macro.mall.model,UmsRoleExample,12,0,120,109,504,125,0,0,0.36666666666666664,1,1
mall,com.macro.mall.model,GeneratedCriteria,1,0,95,91,386,98,0,0,0.9368421052631579,0,0
mall,com.macro.mall.model,Criteria,0,0,1,0,5,1,0,1,-1.0,0,0
mall,com.macro.mall.model,Criterion,8,0,13,8,66,14,0,0,0.0,0,0
mall,com.macro.mall.model,UmsRoleMenuRelation,4,0,7,7,36,7,0,0,0.0,1,0
mall,com.macro.mall.model,UmsRoleMenuRelationExample,12,0,68,57,296,73,0,0,0.29411764705882354,1,1
mall,com.macro.mall.model,GeneratedCriteria,1,0,43,39,178,46,0,0,0.8604651162790697,0,0
mall,com.macro.mall.model,Criteria,0,0,1,0,5,1,0,1,-1.0,0,0
mall,com.macro.mall.model,Criterion,8,0,13,8,66,14,0,0,0.0,0,0
mall,com.macro.mall.model,UmsRolePermissionRelation,4,0,7,7,36,7,0,0,0.0,1,0
mall,com.macro.mall.model,UmsRolePermissionRelationExample,12,0,68,57,296,73,0,0,0.29411764705882354,1,1
mall,com.macro.mall.model,GeneratedCriteria,1,0,43,39,178,46,0,0,0.8604651162790697,0,0
mall,com.macro.mall.model,Criteria,0,0,1,0,5,1,0,1,-1.0,0,0
mall,com.macro.mall.model,Criterion,8,0,13,8,66,14,0,0,0.0,0,0
mall,com.macro.mall.model,UmsRoleResourceRelation,4,0,7,7,36,7,0,0,0.0,1,0
mall,com.macro.mall.model,UmsRoleResourceRelationExample,12,0,68,57,296,73,0,0,0.29411764705882354,1,1
mall,com.macro.mall.model,GeneratedCriteria,1,0,43,39,178,46,0,0,0.8604651162790697,0,0
mall,com.macro.mall.model,Criteria,0,0,1,0,5,1,0,1,-1.0,0,0
mall,com.macro.mall.model,Criterion,8,0,13,8,66,14,0,0,0.0,0,0
mall,com.macro.mall.portal.component,CancelOrderReceiver,2,0,1,1,11,1,0,0,0.0,0,1
mall,com.macro.mall.portal.component,CancelOrderSender,2,0,2,2,17,2,0,0,1.0,1,0
mall,com.macro.mall.portal.component,OrderTimeOutCancelTask,2,0,1,0,14,1,0,0,0.0,0,1
mall,com.macro.mall.portal.config,GlobalCorsConfig,0,0,1,1,18,1,0,0,-1.0,0,0
mall,com.macro.mall.portal.config,JacksonConfig,0,0,1,1,10,1,0,0,-1.0,0,0
mall,com.macro.mall.portal.config,MallSecurityConfig,1,0,1,1,9,1,0,0,0.0,0,1
mall,com.macro.mall.portal.config,MyBatisConfig,0,0,0,0,5,0,0,0,-1.0,0,0
mall,com.macro.mall.portal.config,RabbitMqConfig,0,0,6,2,41,6,0,0,-1.0,0,0
mall,com.macro.mall.portal.config,SpringTaskConfig,0,0,0,0,5,0,0,0,-1.0,0,0
mall,com.macro.mall.portal.config,SwaggerConfig,0,0,2,2,11,2,0,0,-1.0,0,1
mall,com.macro.mall.portal.controller,HomeController,1,0,6,6,30,6,0,0,0.0,0,3
mall,com.macro.mall.portal.controller,MemberAttentionController,1,0,5,5,36,7,0,0,0.0,0,4
mall,com.macro.mall.portal.controller,MemberProductCollectionController,1,0,5,5,36,7,0,0,0.0,0,4
mall,com.macro.mall.portal.controller,MemberReadHistoryController,1,0,4,4,32,6,0,0,0.0,0,4
mall,com.macro.mall.portal.controller,OmsCartItemController,2,0,8,8,54,13,0,0,0.0,0,5
mall,com.macro.mall.portal.controller,OmsPortalOrderController,1,0,10,10,46,10,0,0,0.0,0,6
mall,com.macro.mall.portal.controller,OmsPortalOrderReturnApplyController,1,0,1,1,13,2,0,0,0.0,0,3
mall,com.macro.mall.portal.controller,PmsPortalBrandController,1,0,3,3,18,3,0,0,0.0,0,4
mall,com.macro.mall.portal.controller,PmsPortalProductController,1,0,3,3,18,3,0,0,0.0,0,4
mall,com.macro.mall.portal.controller,UmsMemberController,3,0,6,6,48,9,0,0,0.0,0,3
mall,com.macro.mall.portal.controller,UmsMemberCouponController,3,0,5,5,29,5,0,0,0.0,0,4
mall,com.macro.mall.portal.controller,UmsMemberReceiveAddressController,1,0,5,5,35,8,0,0,0.0,0,3
mall,com.macro.mall.portal.dao,HomeDao,0,0,5,0,25,5,0,0,-1.0,2,0
mall,com.macro.mall.portal.dao,PortalOrderDao,0,0,5,0,26,5,0,0,-1.0,1,0
mall,com.macro.mall.portal.dao,PortalOrderItemDao,0,0,1,0,9,1,0,0,-1.0,1,0
mall,com.macro.mall.portal.dao,PortalProductDao,0,0,3,0,17,3,0,0,-1.0,4,0
mall,com.macro.mall.portal.dao,SmsCouponHistoryDao,0,0,2,0,13,2,0,0,-1.0,2,0
mall,com.macro.mall.portal.domain,CartProduct,2,0,0,0,7,0,0,0,-1.0,1,0
mall,com.macro.mall.portal.domain,CartPromotionItem,5,0,0,0,10,0,0,0,-1.0,1,0
mall,com.macro.mall.portal.domain,ConfirmOrderResult,10,0,0,0,17,0,0,0,-1.0,1,2
mall,com.macro.mall.portal.domain,CalcAmount,4,0,0,0,6,0,0,0,-1.0,1,0
mall,com.macro.mall.portal.domain,FlashPromotionProduct,3,0,0,0,8,0,0,0,-1.0,0,0
mall,com.macro.mall.portal.domain,HomeContentResult,6,0,0,0,11,0,0,0,-1.0,2,1
mall,com.macro.mall.portal.domain,HomeFlashPromotion,5,0,0,0,10,0,0,0,-1.0,2,0
mall,com.macro.mall.portal.domain,MemberBrandAttention,9,0,0,0,14,0,0,0,-1.0,3,0
mall,com.macro.mall.portal.domain,MemberDetails,1,0,9,9,33,9,0,0,0.5555555555555556,1,1
mall,com.macro.mall.portal.domain,MemberProductCollection,10,0,0,0,15,0,0,0,-1.0,3,0
mall,com.macro.mall.portal.domain,MemberReadHistory,10,0,0,0,15,0,0,0,-1.0,3,0
mall,com.macro.mall.portal.domain,OmsOrderDetail,1,0,0,0,6,0,0,0,-1.0,1,0
mall,com.macro.mall.portal.domain,OmsOrderReturnApplyParam,16,0,0,0,21,0,0,0,-1.0,3,0
mall,com.macro.mall.portal.domain,OrderParam,5,0,0,0,10,0,0,0,-1.0,2,0
mall,com.macro.mall.portal.domain,PmsPortalProductDetail,8,0,0,0,13,0,0,0,-1.0,2,0
mall,com.macro.mall.portal.domain,PmsProductCategoryNode,1,0,0,0,6,0,0,0,-1.0,1,0
mall,com.macro.mall.portal.domain,PromotionProduct,3,0,0,0,8,0,0,0,-1.0,1,0
mall,com.macro.mall.portal.domain,SmsCouponHistoryDetail,3,0,0,0,8,0,0,0,-1.0,0,1
mall,com.macro.mall.portal,MallPortalApplication,0,0,1,1,5,1,0,0,-1.0,1,1
mall,com.macro.mall.portal,MallPortalApplicationTests,0,0,1,1,4,1,0,0,-1.0,0,0
mall,com.macro.mall.portal,PortalProductDaoTests,1,0,1,1,15,1,0,0,0.0,0,1
mall,com.macro.mall.portal.repository,MemberBrandAttentionRepository,0,0,4,0,21,4,0,0,-1.0,1,0
mall,com.macro.mall.portal.repository,MemberProductCollectionRepository,0,0,4,0,21,4,0,0,-1.0,1,0
mall,com.macro.mall.portal.repository,MemberReadHistoryRepository,0,0,2,0,13,2,0,0,-1.0,1,0
mall,com.macro.mall.portal.service,HomeService,0,0,6,0,31,6,0,0,-1.0,1,0
mall,com.macro.mall.portal.service,MemberAttentionService,0,0,5,0,25,5,0,0,-1.0,1,1
mall,com.macro.mall.portal.service,MemberCollectionService,0,0,5,0,25,5,0,0,-1.0,1,1
mall,com.macro.mall.portal.service,MemberReadHistoryService,0,0,4,0,21,4,0,0,-1.0,1,1
mall,com.macro.mall.portal.service,OmsCartItemService,0,0,8,0,37,8,0,0,-1.0,2,1
mall,com.macro.mall.portal.service,OmsPortalOrderReturnApplyService,0,0,1,0,9,1,0,0,-1.0,1,1
mall,com.macro.mall.portal.service,OmsPortalOrderService,0,0,10,0,45,10,0,0,-1.0,3,1
mall,com.macro.mall.portal.service,OmsPromotionService,0,0,1,0,10,1,0,0,-1.0,1,0
mall,com.macro.mall.portal.service,PmsPortalBrandService,0,0,3,0,17,3,0,0,-1.0,1,0
mall,com.macro.mall.portal.service,PmsPortalProductService,0,0,3,0,17,3,0,0,-1.0,1,0
mall,com.macro.mall.portal.service,UmsMemberCacheService,0,0,5,0,25,5,0,0,-1.0,1,1
mall,com.macro.mall.portal.service,UmsMemberCouponService,0,0,5,0,25,5,0,0,-1.0,1,0
mall,com.macro.mall.portal.service,UmsMemberReceiveAddressService,0,0,5,0,29,5,0,0,-1.0,1,1
mall,com.macro.mall.portal.service,UmsMemberService,0,0,10,0,45,10,0,0,-1.0,10,0
mall,com.macro.mall.portal.service.impl,HomeServiceImpl,7,0,11,6,108,18,0,0,0.36363636363636365,0,4
mall,com.macro.mall.portal.service.impl,MemberAttentionServiceImpl,4,0,5,5,54,9,0,0,0.0,0,6
mall,com.macro.mall.portal.service.impl,MemberCollectionServiceImpl,4,0,5,5,52,9,0,0,0.0,0,6
mall,com.macro.mall.portal.service.impl,MemberReadHistoryServiceImpl,4,0,4,4,51,8,0,0,0.0,0,6
mall,com.macro.mall.portal.service.impl,OmsCartItemServiceImpl,4,0,9,8,92,14,0,0,0.2222222222222222,0,7
mall,com.macro.mall.portal.service.impl,OmsPortalOrderReturnApplyServiceImpl,1,0,1,1,13,1,0,0,0.0,0,3
mall,com.macro.mall.portal.service.impl,OmsPortalOrderServiceImpl,17,0,30,10,588,99,0,0,0.0,0,7
mall,com.macro.mall.portal.service.impl,OmsPromotionServiceImpl,1,0,14,3,231,38,0,0,0.21428571428571427,0,6
mall,com.macro.mall.portal.service.impl,PmsPortalBrandServiceImpl,3,0,3,3,22,3,0,0,1.0,0,5
mall,com.macro.mall.portal.service.impl,PmsPortalProductServiceImpl,9,0,4,3,95,14,0,0,0.75,0,3
mall,com.macro.mall.portal.service.impl,UmsMemberCacheServiceImpl,7,0,5,5,35,6,0,0,0.0,0,3
mall,com.macro.mall.portal.service.impl,UmsMemberCouponServiceImpl,7,0,9,5,183,34,0,0,0.0,0,3
mall,com.macro.mall.portal.service.impl,UmsMemberReceiveAddressServiceImpl,2,0,5,5,48,7,0,0,0.0,0,5
mall,com.macro.mall.portal.service.impl,UmsMemberServiceImpl,8,0,11,10,125,22,0,0,0.18181818181818182,0,9
mall,com.macro.mall.portal.util,DateUtil,0,0,2,2,27,2,0,0,-1.0,1,0
mall,com.macro.mall.search.config,MyBatisConfig,0,0,0,0,5,0,0,0,-1.0,0,0
mall,com.macro.mall.search.config,SwaggerConfig,0,0,2,2,11,2,0,0,-1.0,0,1
mall,com.macro.mall.search.controller,EsProductController,1,0,8,8,43,9,0,0,0.0,0,5
mall,com.macro.mall.search.dao,EsProductDao,0,0,1,0,9,1,0,0,-1.0,2,0
mall,com.macro.mall.search.domain,EsProduct,19,0,0,0,24,0,0,0,-1.0,3,0
mall,com.macro.mall.search.domain,EsProductAttributeValue,6,0,0,0,11,0,0,0,-1.0,0,0
mall,com.macro.mall.search.domain,EsProductRelatedInfo,6,0,0,0,13,0,0,0,-1.0,2,0
mall,com.macro.mall.search.domain,ProductAttr,3,0,0,0,5,0,0,0,-1.0,0,0
mall,com.macro.mall.search,MallSearchApplication,0,0,1,1,5,1,0,0,-1.0,1,1
mall,com.macro.mall.search,MallSearchApplicationTests,2,0,3,3,16,3,0,0,1.0,0,2
mall,com.macro.mall.search.repository,EsProductRepository,0,0,1,0,13,1,0,0,-1.0,1,0
mall,com.macro.mall.search.service,EsProductService,0,0,8,0,37,8,0,0,-1.0,1,0
mall,com.macro.mall.search.service.impl,EsProductServiceImpl,4,0,9,8,189,30,0,0,0.0,0,4
mall,com.macro.mall.security.aspect,RedisCacheAspect,1,0,2,2,26,3,0,0,1.0,0,0
mall,com.macro.mall.security.component,DynamicAccessDecisionManager,0,0,3,3,27,7,0,0,-1.0,1,0
mall,com.macro.mall.security.component,DynamicSecurityFilter,2,0,6,6,42,9,0,0,1.0,0,3
mall,com.macro.mall.security.component,DynamicSecurityMetadataSource,2,0,5,5,35,8,0,0,0.6,2,1
mall,com.macro.mall.security.component,DynamicSecurityService,0,0,1,0,9,1,0,0,-1.0,1,0
mall,com.macro.mall.security.component,JwtAuthenticationTokenFilter,5,0,1,0,28,4,0,0,0.0,0,1
mall,com.macro.mall.security.component,RestAuthenticationEntryPoint,0,0,1,1,13,1,0,0,-1.0,0,1
mall,com.macro.mall.security.component,RestfulAccessDeniedHandler,0,0,1,1,13,1,0,0,-1.0,0,1
mall,com.macro.mall.security.config,CommonSecurityConfig,0,0,9,9,32,9,0,0,-1.0,0,0
mall,com.macro.mall.security.config,IgnoreUrlsConfig,1,0,0,0,6,0,0,0,-1.0,2,0
mall,com.macro.mall.security.config,RedisConfig,0,0,0,0,5,0,0,0,-1.0,0,0
mall,com.macro.mall.security.config,SecurityConfig,6,0,1,0,23,3,0,0,0.0,0,1
mall,com.macro.mall.security.util,JwtTokenUtil,6,0,10,4,123,16,0,0,0.0,3,0
mall,com.macro.mall.security.util,SpringUtil,1,0,5,5,23,6,0,0,0.0,2,1
